{
  "a": -22.504335461058695,
  "b": 2002.4731050954829,
  "R2": 0.8745473121482901,
  "max_resid_px": 2044.3639505352858,
  "slope_cov": NaN,
  "deg_per_px_x": -0.04443588222057884,
  "pan_center": 31.392755690029496
}