pan_deg,tilt_deg,cx,cy,w,h,conf,cls,W,H
-135,-30,2054.5,202.0,79,66,0.5498392581939697,0,2592,1944
-120,-30,1664.5,215.5,53,57,0.882349967956543,0,2592,1944
-120,-30,1663.0,227.5,52,39,0.4206503629684448,0,2592,1944
-120,-15,1617.5,549.0,45,44,0.8981634974479675,0,2592,1944
-135,-15,1947.5,540.0,59,52,0.8900278806686401,0,2592,1944
-150,-15,2440.5,517.0,95,68,0.8629715442657471,0,2592,1944
-150,-15,2451.5,522.5,59,45,0.3412129282951355,0,2592,1944
