{
  "a": -21.726189749838035,
  "b": 1988.8129319402515,
  "R2": 0.9183483856799877,
  "max_resid_px": 1946.396914140299,
  "slope_cov": NaN,
  "deg_per_px_x": -0.04602739879906714,
  "pan_center": 31.888377111564914
}