{
  "a": -20.59014305663205,
  "b": 1944.408868462104,
  "R2": 0.902573162523058,
  "max_resid_px": 1866.783756948269,
  "slope_cov": NaN,
  "deg_per_px_x": -0.04856692822626609,
  "pan_center": 31.491226975873417
}