{
  "a": -22.012829227831567,
  "b": 2045.0217265015435,
  "R2": 0.9841621811088658,
  "max_resid_px": 248.4962723311096,
  "slope_cov": NaN,
  "deg_per_px_x": -0.04542805423374048,
  "pan_center": 34.02659961376205
}