pan_deg,tilt_deg,cx,cy,w,h,conf,cls,W,H
-135,-30,2053.0,201.0,80,66,0.4562136232852936,0,2592,1944
-120,-30,1664.5,215.5,53,57,0.8836926221847534,0,2592,1944
-120,-30,1662.0,227.5,52,37,0.39881497621536255,0,2592,1944
-120,-15,1617.5,549.0,45,44,0.8968392014503479,0,2592,1944
