{
  "a": -20.484945143102674,
  "b": 1948.4716615508974,
  "R2": 0.9099906473499998,
  "max_resid_px": 1874.1449698557858,
  "slope_cov": NaN,
  "deg_per_px_x": -0.04881633770626436,
  "pan_center": 31.851276974036026
}