{
  "a": -24.405203743672985,
  "b": 2088.5635368152402,
  "R2": 0.8703287513926126,
  "max_resid_px": 2289.017046616902,
  "slope_cov": NaN,
  "deg_per_px_x": -0.040974867921733646,
  "pan_center": 32.475186240586545
}