file,pan_deg,tilt_deg,cx,cy,w,h,conf,cls,W,H
img_t+30_p+060_20250930_034641_528.jpg,60.0,30.0,1805.6856689453125,1226.7863159179688,23.31591796875,26.8070068359375,0.7217167615890503,-1,2592,1944
img_t+30_p+120_20250930_034643_897.jpg,120.0,30.0,618.3416748046875,1197.9280395507812,26.4901123046875,27.1966552734375,0.5589253902435303,-1,2592,1944
