{
  "a": -21.321587537613844,
  "b": 1972.2893267798547,
  "R2": 0.7515950997260745,
  "max_resid_px": 2159.7243190960803,
  "slope_cov": NaN,
  "deg_per_px_x": -0.04690082285082571,
  "pan_center": 31.718525911206143
}