{
  "a": -24.39261074339471,
  "b": 2033.2350306947308,
  "R2": 0.7785863876668693,
  "max_resid_px": 2312.3488706590742,
  "slope_cov": NaN,
  "deg_per_px_x": -0.04099602172640707,
  "pan_center": 30.223703335829565
}