{
  "a": -23.331629887659627,
  "b": 2047.2274946840669,
  "R2": 0.8779027408692934,
  "max_resid_px": 1991.5908404792872,
  "slope_cov": NaN,
  "deg_per_px_x": -0.04286027186334341,
  "pan_center": 32.19781465337747
}