{
  "a": -14.791251798940895,
  "b": 1923.9527629161548,
  "R2": 0.6467470334524624,
  "max_resid_px": 1727.3485160901723,
  "slope_cov": NaN,
  "deg_per_px_x": -0.06760753001795315,
  "pan_center": 42.45433526871055
}