{
  "a": -14.583163812896782,
  "b": 1904.6594328478757,
  "R2": 0.6081524735374004,
  "max_resid_px": 1229.7248697503428,
  "slope_cov": NaN,
  "deg_per_px_x": -0.06857222567270616,
  "pan_center": 41.737131987065865
}