{
  "a": -20.534841077765634,
  "b": 1950.8422082948314,
  "R2": 0.9305553157259016,
  "max_resid_px": 1859.9141313993314,
  "slope_cov": NaN,
  "deg_per_px_x": -0.0486977228707537,
  "pan_center": 31.889324383614067
}