file,pan_deg,tilt_deg,cx,cy,w,h,conf,cls,W,H
img_t+00_p+090_20250930_025054_336.jpg,90.0,0.0,1172.5267333984375,879.08251953125,34.298583984375,39.767578125,0.6926115155220032,-1,2592,1944
img_t+00_p+060_20250930_025055_421.jpg,60.0,0.0,1696.338623046875,880.2069702148438,38.624755859375,40.180908203125,0.7267281413078308,-1,2592,1944
img_t+00_p+030_20250930_025056_508.jpg,30.0,0.0,1958.5662231445312,640.2245178222656,16.8167724609375,18.64739990234375,0.7487447261810303,-1,2592,1944
img_t+30_p+030_20250930_025113_138.jpg,30.0,30.0,2034.4384765625,1164.58544921875,16.550048828125,17.1748046875,0.7313645482063293,-1,2592,1944
img_t+30_p+120_20250930_025116_594.jpg,120.0,30.0,42.39305400848389,1057.6521606445312,27.551118850708008,22.0726318359375,0.7930806875228882,-1,2592,1944
img_t+60_p+030_20250930_025125_483.jpg,30.0,60.0,2225.760498046875,1913.3284912109375,31.0029296875,30.29443359375,0.8118663430213928,-1,2592,1944
