{
  "a": -19.496349386520173,
  "b": 1910.3295214927746,
  "R2": 0.7270227417392092,
  "max_resid_px": 1989.9817784890015,
  "slope_cov": NaN,
  "deg_per_px_x": -0.05129165364113769,
  "pan_center": 31.509977037933247
}