{
  "a": -20.287554880948587,
  "b": 1924.1741106685402,
  "R2": 0.7167413284076967,
  "max_resid_px": 2087.330371912423,
  "slope_cov": NaN,
  "deg_per_px_x": -0.04929130227216632,
  "pan_center": 30.96351996851227
}