file,pan_deg,tilt_deg,cx,cy,w,h,conf,cls,W,H
img_t-30_p+030_20250930_013310_641.jpg,30.0,-30.0,2017.27099609375,195.77129364013672,70.0009765625,63.93449401855469,0.7900519371032715,-1,2592,1944
img_t-30_p+060_20250930_013311_728.jpg,60.0,-30.0,1309.8424682617188,215.78522491455078,48.6341552734375,53.83537292480469,0.8193569779396057,-1,2592,1944
img_t-30_p+090_20250930_013312_816.jpg,90.0,-30.0,599.7852478027344,178.85652923583984,72.37164306640625,64.40208435058594,0.7929079532623291,-1,2592,1944
img_t+00_p+090_20250930_013320_811.jpg,90.0,0.0,643.6952819824219,798.5621643066406,57.59490966796875,45.31207275390625,0.764086127281189,-1,2592,1944
img_t+00_p+060_20250930_013321_897.jpg,60.0,0.0,1229.9872436523438,824.5384826660156,41.9263916015625,40.43157958984375,0.7638534307479858,-1,2592,1944
img_t+00_p+030_20250930_013322_983.jpg,30.0,0.0,1789.1881103515625,818.1551208496094,48.378173828125,41.57354736328125,0.7842762470245361,-1,2592,1944
img_t+30_p+030_20250930_013339_741.jpg,30.0,30.0,1911.6882934570312,1389.1566162109375,56.0076904296875,50.818359375,0.8052757978439331,-1,2592,1944
img_t+30_p+090_20250930_013341_997.jpg,90.0,30.0,631.2068786621094,1376.6676635742188,61.66729736328125,53.4644775390625,0.7939544320106506,-1,2592,1944
