{
  "a": -17.704432440831003,
  "b": 1890.6380779793342,
  "R2": 0.6585599474317729,
  "max_resid_px": 1865.351029706686,
  "slope_cov": NaN,
  "deg_per_px_x": -0.05648303063891171,
  "pan_center": 33.586960777570305
}