{
  "a": -20.088192285010255,
  "b": 1927.3451206842044,
  "R2": 0.9162889073276836,
  "max_resid_px": 1696.0246803493992,
  "slope_cov": NaN,
  "deg_per_px_x": -0.049780487254007265,
  "pan_center": 31.428667733099715
}