{
  "a": -22.345043176444573,
  "b": 2040.7462890938577,
  "R2": 0.9540887111877424,
  "max_resid_px": 1408.5561586630702,
  "slope_cov": NaN,
  "deg_per_px_x": -0.04475265463143825,
  "pan_center": 33.32937346386269
}