{
  "a": -22.49763622770563,
  "b": 2022.564599755479,
  "R2": 0.9151928207188511,
  "max_resid_px": 2018.289921236183,
  "slope_cov": NaN,
  "deg_per_px_x": -0.04444911411486462,
  "pan_center": 32.29515280635223
}